{
  "valid_accuracy": 0.6857410881801126,
  "valid_macro_f1": 0.4784113030153543
}